id,year,pp,empl,x1,x2,x3,x4,x5,x6,y0,y1,y2,nace42,nace43,year2,year3,year4,year5,year6,year7,year8,year9,year10,year11,year12,year13,year14,year15,year16,sales,costs,assets,beta,omega,mu,pp1,pp2,pp3,pp4
17046998,2010,0,31,,,.14930369,.098001033,.082390979,.070119068,.03083246,.049684696,.025162918,0,1,0,0,0,1,0,0,0,0,0,0,0,0,0,0,0,18.506529,17.873199,13.925571,.69906932,6.8043885,1.1610255,0,0,0,0
17046998,2011,0,31,,.14930369,.098001033,.082390979,.070119068,.03083246,.049684696,.025162918,.05375753,0,1,0,0,0,0,1,0,0,0,0,0,0,0,0,0,0,18.75028,18.070137,15.13202,.664244,6.8026071,1.1029639,0,0,0,0
17046998,2012,0,31,.14930369,.098001033,.082390979,.070119068,.03083246,.049684696,.025162918,.05375753,.036339115,0,1,0,0,0,0,0,1,0,0,0,0,0,0,0,0,0,18.545366,17.819046,15.467926,.64418787,6.7006779,1.0858803,0,0,0,0
17046998,2013,0,31,.098001033,.082390979,.070119068,.03083246,.049684696,.025162918,.05375753,.036339115,.065239616,0,1,0,0,0,0,0,0,1,0,0,0,0,0,0,0,0,18.396589,17.661917,15.230941,.64701766,6.6518154,1.0726359,0,0,0,0
17046998,2014,0,31,.082390979,.070119068,.03083246,.049684696,.025162918,.05375753,.036339115,.065239616,.064652897,0,1,0,0,0,0,0,0,0,1,0,0,0,0,0,0,0,18.252277,17.514015,15.761099,.62377495,6.5362988,1.0313127,0,0,0,0
17046998,2015,0,31,.070119068,.03083246,.049684696,.025162918,.05375753,.036339115,.065239616,.064652897,.09276662,0,1,0,0,0,0,0,0,0,0,1,0,0,0,0,0,0,18.426702,17.672691,15.786064,.6282897,6.6041908,1.0509397,0,0,0,0
17046998,2016,0,31,.03083246,.049684696,.025162918,.05375753,.036339115,.065239616,.064652897,.09276662,.092926316,0,1,0,0,0,0,0,0,0,0,0,1,0,0,0,0,0,18.744474,17.816751,15.765817,.63386458,6.6263828,1.0254822,0,0,0,0
17046998,2017,0,31,.049684696,.025162918,.05375753,.036339115,.065239616,.064652897,.09276662,.092926316,.10956994,0,1,0,0,0,0,0,0,0,0,0,0,1,0,0,0,0,18.577921,17.795198,15.625159,.63797247,6.6565332,1.0552287,0,0,0,0
17046998,2018,0,31,.025162918,.05375753,.036339115,.065239616,.064652897,.09276662,.092926316,.10956994,.088570423,0,1,0,0,0,0,0,0,0,0,0,0,0,1,0,0,0,18.686842,17.827225,15.52865,.6423763,6.654099,1.0370075,0,0,0,0
17046998,2019,0,31,.05375753,.036339115,.065239616,.064652897,.09276662,.092926316,.10956994,.088570423,.081907928,0,1,0,0,0,0,0,0,0,0,0,0,0,0,1,0,0,18.427279,17.626324,15.735663,.62845296,6.6083617,1.0674148,0,0,0,0
17046998,2020,0,31,.036339115,.065239616,.064652897,.09276662,.092926316,.10956994,.088570423,.081907928,.086232729,0,1,0,0,0,0,0,0,0,0,0,0,0,0,0,1,0,18.303606,17.566236,15.573772,.63198626,6.5990701,1.0667887,0,0,0,0
17046998,2021,0,31,.065239616,.064652897,.09276662,.092926316,.10956994,.088570423,.081907928,.14587356,.091371141,0,1,0,0,0,0,0,0,0,0,0,0,0,0,0,0,1,18.828094,17.849957,16.245205,.61850101,6.6704683,1.0972056,0,0,0,0
25021851,2010,0,92,,,.27774882,.2788496,.232683,.16304584,.13723347,.16488552,.13382304,1,0,0,0,0,1,0,0,0,0,0,0,0,0,0,0,0,18.737497,17.616394,16.267818,.60981387,6.7762852,1.3201545,0,0,0,0
25021851,2011,0,92,,.27774882,.2788496,.232683,.16304584,.13723347,.16488552,.13382304,.029426016,1,0,0,0,0,0,1,0,0,0,0,0,0,0,0,0,0,18.76182,17.650343,16.2985,.60990822,6.7860017,1.3216085,0,0,0,0
25021851,2012,0,92,.27774882,.2788496,.232683,.16304584,.13723347,.16488552,.13382304,.029426016,.06698823,1,0,0,0,0,0,0,1,0,0,0,0,0,0,0,0,0,18.915455,17.863712,16.559906,.60814303,6.7873898,1.2619814,0,0,0,0
25021851,2013,0,92,.2788496,.232683,.16304584,.13723347,.16488552,.13382304,.029426016,.06698823,.15526001,1,0,0,0,0,0,0,0,1,0,0,0,0,0,0,0,0,19.112101,18.203337,16.831863,.61029047,6.8058577,1.1770906,0,0,0,0
25021851,2014,0,92,.232683,.16304584,.13723347,.16488552,.13382304,.029426016,.06698823,.15526001,.27446112,1,0,0,0,0,0,0,0,0,1,0,0,0,0,0,0,0,18.80983,17.997593,16.709423,.60753429,6.7227468,1.1470959,0,0,0,0
25021851,2015,0,92,.16304584,.13723347,.16488552,.13382304,.029426016,.06698823,.15526001,.27446112,.24276316,1,0,0,0,0,0,0,0,0,0,1,0,0,0,0,0,0,18.802748,18.262352,16.687294,.61726123,6.8404093,1.1792581,0,0,0,0
25021851,2016,1,92,.13723347,.16488552,.13382304,.029426016,.06698823,.15526001,.27446112,.24276316,.23311932,1,0,0,0,0,0,0,0,0,0,0,1,0,0,0,0,0,18.925577,18.481115,16.77916,.62150985,6.8727827,1.1431905,0,0,0,0
25021851,2017,1,92,.16488552,.13382304,.029426016,.06698823,.15526001,.27446112,.24276316,.23311932,.29946941,1,0,0,0,0,0,0,0,0,0,0,0,1,0,0,0,0,19.290968,18.245577,17.360277,.59354669,6.6307526,1.0298632,1,0,0,0
25021851,2018,1,92,.13382304,.029426016,.06698823,.15526001,.27446112,.24276316,.23311932,.29946941,.30445984,1,0,0,0,0,0,0,0,0,0,0,0,0,1,0,0,0,19.279984,18.421301,17.390265,.59846604,6.7258906,1.0692829,1,1,0,0
25021851,2019,1,92,.029426016,.06698823,.15526001,.27446112,.24276316,.23311932,.29946941,.30445984,.31358543,1,0,0,0,0,0,0,0,0,0,0,0,0,0,1,0,0,19.9202,19.025427,17.504339,.61500078,7.0060101,1.1679616,1,1,1,0
25021851,2020,1,92,.06698823,.15526001,.27446112,.24276316,.23311932,.29946941,.30445984,.31358543,.21900672,1,0,0,0,0,0,0,0,0,0,0,0,0,0,0,1,0,19.831964,18.88443,17.403885,.61368108,7.0884891,1.3158214,1,1,1,1
25021851,2021,1,92,.15526001,.27446112,.24276316,.23311932,.29946941,.30445984,.31358543,.14445253,.20121963,1,0,0,0,0,0,0,0,0,0,0,0,0,0,0,0,1,19.483171,18.627522,18.204739,.57743663,6.8717246,1.2747667,1,1,1,1
25223798,2010,0,118,,,.024007455,-.019693259,-.010310031,-.040366519,-.046008632,.22248921,.17723922,0,1,0,0,0,1,0,0,0,0,0,0,0,0,0,0,0,18.958059,18.737522,17.547316,.603773,6.773838,1.024298,0,0,0,0
25223798,2011,1,118,,.024007455,-.019693259,-.010310031,-.040366519,-.046008632,.22248921,.17723922,-.019929396,0,1,0,0,0,0,1,0,0,0,0,0,0,0,0,0,0,19.370144,19.066704,17.38224,.62059802,6.8561769,.98049939,0,0,0,0
25223798,2012,1,118,.024007455,-.019693259,-.010310031,-.040366519,-.046008632,.22248921,.17723922,-.019929396,.19689991,0,1,0,0,0,0,0,1,0,0,0,0,0,0,0,0,0,19.336313,18.950203,17.507574,.61234212,6.815208,.98974293,1,0,0,0
25223798,2013,0,118,-.019693259,-.010310031,-.040366519,-.046008632,.22248921,.17723922,-.019929396,.19689991,-.034470741,0,1,0,0,0,0,0,0,1,0,0,0,0,0,0,0,0,19.341286,19.042707,17.731516,.60777247,6.7927556,.96043736,1,1,0,0
25223798,2014,1,118,-.010310031,-.040366519,-.046008632,.22248921,.17723922,-.019929396,.19689991,-.034470741,.23745844,0,1,0,0,0,0,0,0,0,1,0,0,0,0,0,0,0,19.267717,18.96125,17.663649,.6073482,6.766973,.95503372,0,1,1,0
25223798,2015,0,118,-.040366519,-.046008632,.22248921,.17723922,-.019929396,.19689991,-.034470741,.23745844,.27711806,0,1,0,0,0,0,0,0,0,0,1,0,0,0,0,0,0,19.313347,19.019421,17.832418,.60351348,7.036622,1.2491823,1,0,1,1
25223798,2016,1,118,-.046008632,.22248921,.17723922,-.019929396,.19689991,-.034470741,.23745844,.27711806,.038029823,0,1,0,0,0,0,0,0,0,0,0,1,0,0,0,0,0,19.004213,18.753273,17.74474,.59751624,6.910131,1.1939167,0,1,0,1
25223798,2017,1,118,.22248921,.17723922,-.019929396,.19689991,-.034470741,.23745844,.27711806,.038029823,.31810194,0,1,0,0,0,0,0,0,0,0,0,0,1,0,0,0,0,19.216736,19.019209,17.337154,.62054032,6.8446388,.98026788,1,0,1,0
25223798,2018,0,118,.17723922,-.019929396,.19689991,-.034470741,.23745844,.27711806,.038029823,.31810194,.31496179,0,1,0,0,0,0,0,0,0,0,0,0,0,1,0,0,0,19.367243,19.109913,17.770603,.60870397,7.0484123,1.2176222,1,1,0,1
25223798,2019,1,118,-.019929396,.19689991,-.034470741,.23745844,.27711806,.038029823,.31810194,.31496179,.16623606,0,1,0,0,0,0,0,0,0,0,0,0,0,0,1,0,0,19.236643,19.026663,18.022068,.59723592,6.7600441,.96611661,0,1,1,0
25223798,2020,1,118,.19689991,-.034470741,.23745844,.27711806,.038029823,.31810194,.31496179,.16623606,.27346075,0,1,0,0,0,0,0,0,0,0,0,0,0,0,0,1,0,19.231579,19.090702,17.854635,.60516322,7.0733132,1.2680223,1,0,1,1
25223798,2021,0,118,-.034470741,.23745844,.27711806,.038029823,.31810194,.31496179,.16623606,.30398729,.13251756,0,1,0,0,0,0,0,0,0,0,0,0,0,0,0,0,1,19.237902,18.958609,17.676182,.60682768,7.0878625,1.3193221,1,1,0,1
25288938,2010,0,23,,,.089689538,.046931453,.056046508,.050683185,.030041283,.042850651,.0050369985,0,1,0,0,0,1,0,0,0,0,0,0,0,0,0,0,0,17.228128,16.866991,15.204975,.62099129,6.4243436,1.0938346,0,0,0,0
25288938,2011,0,23,,.089689538,.046931453,.056046508,.050683185,.030041283,.042850651,.0050369985,.056821328,0,1,0,0,0,0,1,0,0,0,0,0,0,0,0,0,0,17.424641,17.109955,15.181387,.63003033,6.4608984,1.0480502,0,0,0,0
25288938,2012,0,23,.089689538,.046931453,.056046508,.050683185,.030041283,.042850651,.0050369985,.056821328,.037835401,0,1,0,0,0,0,0,1,0,0,0,0,0,0,0,0,0,17.214014,17.052746,15.457253,.6186049,6.4336209,1.0576469,0,0,0,0
25288938,2013,0,23,.046931453,.056046508,.050683185,.030041283,.042850651,.0050369985,.056821328,.037835401,.090204239,0,1,0,0,0,0,0,0,1,0,0,0,0,0,0,0,0,16.994204,16.618483,15.401289,.60582376,6.2882271,1.0519896,0,0,0,0
25288938,2014,0,23,.056046508,.050683185,.030041283,.042850651,.0050369985,.056821328,.037835401,.090204239,.070245974,0,1,0,0,0,0,0,0,0,1,0,0,0,0,0,0,0,17.440403,16.837879,15.779907,.60023129,6.3090491,1.0304971,0,0,0,0
25288938,2015,0,23,.050683185,.030041283,.042850651,.0050369985,.056821328,.037835401,.090204239,.070245974,.20490079,0,1,0,0,0,0,0,0,0,0,1,0,0,0,0,0,0,17.649183,16.999393,16.463352,.58219451,6.3070264,1.043782,0,0,0,0
25288938,2016,0,23,.030041283,.042850651,.0050369985,.056821328,.037835401,.090204239,.070245974,.20490079,.21619186,0,1,0,0,0,0,0,0,0,0,0,1,0,0,0,0,0,17.316835,17.121061,16.378489,.58923346,6.3221869,1.0050497,0,0,0,0
25288938,2017,1,23,.042850651,.0050369985,.056821328,.037835401,.090204239,.070245974,.20490079,.21619186,.1285952,0,1,0,0,0,0,0,0,0,0,0,0,1,0,0,0,0,17.208294,16.631987,16.333918,.57420433,6.2030468,1.0584667,0,0,0,0
25288938,2018,1,23,.0050369985,.056821328,.037835401,.090204239,.070245974,.20490079,.21619186,.1285952,.10191841,0,1,0,0,0,0,0,0,0,0,0,0,0,1,0,0,0,17.030914,16.555288,16.258213,.57421076,6.1651831,1.0385603,1,0,0,0
25288938,2019,0,23,.056821328,.037835401,.090204239,.070245974,.20490079,.21619186,.1285952,.10191841,.095245391,0,1,0,0,0,0,0,0,0,0,0,0,0,0,1,0,0,16.773697,16.480667,16.197369,.57377648,6.1975713,1.0943978,1,1,0,0
25288938,2020,0,23,.037835401,.090204239,.070245974,.20490079,.21619186,.1285952,.10191841,.095245391,.11861983,0,1,0,0,0,0,0,0,0,0,0,0,0,0,0,1,0,16.934248,16.566814,15.888719,.58730942,6.243804,1.072772,0,1,1,0
25288938,2021,0,23,.090204239,.070245974,.20490079,.21619186,.1285952,.10191841,.095245391,.18805176,.13388959,0,1,0,0,0,0,0,0,0,0,0,0,0,0,0,0,1,17.110756,16.768816,15.937593,.5924691,6.4446392,1.2274033,0,0,1,1
25358782,2010,0,46,,,.30324459,.32390073,.24710235,.26148149,.22551063,.23009025,.19034676,0,0,0,0,0,1,0,0,0,0,0,0,0,0,0,0,0,17.320595,16.773396,14.779791,.63244545,6.6332645,1.3542457,0,0,0,0
25358782,2011,0,46,,.30324459,.32390073,.24710235,.26148149,.22551063,.23009025,.19034676,.13152064,0,0,0,0,0,0,1,0,0,0,0,0,0,0,0,0,0,18.473539,17.807995,15.426486,.64523894,6.9408193,1.3825101,0,0,0,0
25358782,2012,0,46,.30324459,.32390073,.24710235,.26148149,.22551063,.23009025,.19034676,.13152064,.17182907,0,0,0,0,0,0,0,1,0,0,0,0,0,0,0,0,0,18.461254,17.630739,15.643481,.63177299,6.7975225,1.2803102,0,0,0,0
25358782,2013,0,46,.32390073,.24710235,.26148149,.22551063,.23009025,.19034676,.13152064,.17182907,.20350872,0,0,0,0,0,0,0,0,1,0,0,0,0,0,0,0,0,18.458862,17.764687,15.764962,.6321308,6.8464322,1.2988529,0,0,0,0
25358782,2014,0,46,.24710235,.26148149,.22551063,.23009025,.19034676,.13152064,.17182907,.20350872,.2162682,0,0,0,0,0,0,0,0,0,1,0,0,0,0,0,0,0,18.111912,17.571007,15.909392,.62060452,6.7385802,1.2529624,0,0,0,0
25358782,2015,0,46,.26148149,.22551063,.23009025,.19034676,.13152064,.17182907,.20350872,.2162682,.19654574,0,0,0,0,0,0,0,0,0,0,1,0,0,0,0,0,0,18.132986,17.544493,16.687664,.59293884,6.6622753,1.2587136,0,0,0,0
25358782,2016,0,46,.22551063,.23009025,.19034676,.13152064,.17182907,.20350872,.2162682,.19654574,.37729016,0,0,0,0,0,0,0,0,0,0,0,1,0,0,0,0,0,18.010029,17.643768,16.416359,.60563195,6.684423,1.209669,0,0,0,0
25358782,2017,0,46,.23009025,.19034676,.13152064,.17182907,.20350872,.2162682,.19654574,.37729016,.22811583,0,0,0,0,0,0,0,0,0,0,0,0,1,0,0,0,0,17.768194,17.400974,16.74905,.58596742,6.5060897,1.1405615,0,0,0,0
25358782,2018,1,46,.19034676,.13152064,.17182907,.20350872,.2162682,.19654574,.37729016,.22811583,.217072,0,0,0,0,0,0,0,0,0,0,0,0,0,1,0,0,0,18.097191,17.666042,16.780344,.59386742,6.6363392,1.1874748,0,0,0,0
25358782,2019,0,46,.13152064,.17182907,.20350872,.2162682,.19654574,.37729016,.22811583,.217072,.16300857,0,0,0,0,0,0,0,0,0,0,0,0,0,0,1,0,0,18.383904,17.768642,16.735872,.59887141,6.7083712,1.2256958,1,0,0,0
25358782,2020,0,46,.17182907,.20350872,.2162682,.19654574,.37729016,.22811583,.217072,.16300857,.2138859,0,0,0,0,0,0,0,0,0,0,0,0,0,0,0,1,0,18.151859,17.884863,16.738768,.60270756,6.7606792,1.2414353,0,1,0,0
25358782,2021,0,46,.20350872,.2162682,.19654574,.37729016,.22811583,.217072,.16300857,.18475015,.23823301,0,0,0,0,0,0,0,0,0,0,0,0,0,0,0,0,1,18.393648,17.831978,16.707182,.60200298,6.7260985,1.217191,0,0,1,0
25549464,2010,0,97,,,.081761949,.19649519,.2153419,.20201702,-.03997568,.21084808,.19738804,0,1,0,0,0,1,0,0,0,0,0,0,0,0,0,0,0,19.450787,18.547653,16.597946,.62999576,6.8563819,1.0851974,1,1,1,0
25549464,2011,1,97,,.081761949,.19649519,.2153419,.20201702,-.03997568,.21084808,.19738804,.22291626,0,1,0,0,0,0,1,0,0,0,0,0,0,0,0,0,0,19.104156,18.509483,17.088017,.61184776,6.916851,1.2171295,0,1,1,1
25549464,2012,1,97,.081761949,.19649519,.2153419,.20201702,-.03997568,.21084808,.19738804,.22291626,.18922517,0,1,0,0,0,0,0,1,0,0,0,0,0,0,0,0,0,19.358459,18.617783,17.515982,.60079581,6.9277415,1.2402859,1,0,1,1
25549464,2013,1,97,.19649519,.2153419,.20201702,-.03997568,.21084808,.19738804,.22291626,.18922517,.24209487,0,1,0,0,0,0,0,0,1,0,0,0,0,0,0,0,0,19.349535,18.629873,17.596455,.59843749,6.9094729,1.2238688,1,1,0,1
25549464,2014,1,97,.2153419,.20201702,-.03997568,.21084808,.19738804,.22291626,.18922517,.24209487,.23088028,0,1,0,0,0,0,0,0,0,1,0,0,0,0,0,0,0,19.359655,18.735529,17.793056,.59525353,6.6810393,.96081281,1,1,1,0
25549464,2015,1,97,.20201702,-.03997568,.21084808,.19738804,.22291626,.18922517,.24209487,.23088028,.26747996,0,1,0,0,0,0,0,0,0,0,1,0,0,0,0,0,0,19.458803,18.778791,17.671114,.60091263,6.9610047,1.2347248,1,1,1,1
25549464,2016,1,97,-.03997568,.21084808,.19738804,.22291626,.18922517,.24209487,.23088028,.26747996,.26981768,0,1,0,0,0,0,0,0,0,0,0,1,0,0,0,0,0,19.76193,19.123917,17.79715,.60826516,7.0507512,1.2182167,1,1,1,1
25549464,2017,1,97,.21084808,.19738804,.22291626,.18922517,.24209487,.23088028,.26747996,.26981768,.28732342,0,1,0,0,0,0,0,0,0,0,0,0,1,0,0,0,0,19.82239,19.162252,17.792505,.60972309,7.0896354,1.2497159,1,1,1,1
25549464,2018,1,97,.19738804,.22291626,.18922517,.24209487,.23088028,.26747996,.26981768,.28732342,.25829551,0,1,0,0,0,0,0,0,0,0,0,0,0,1,0,0,0,19.915722,19.035345,17.980595,.59895635,6.9916925,1.208313,1,1,1,1
25549464,2019,1,97,.22291626,.18922517,.24209487,.23088028,.26747996,.26981768,.28732342,.25829551,.25328737,0,1,0,0,0,0,0,0,0,0,0,0,0,0,1,0,0,20.099295,19.20672,18.161884,.59852457,7.0819411,1.2739151,1,1,1,1
25549464,2020,1,97,.18922517,.24209487,.23088028,.26747996,.26981768,.28732342,.25829551,.25328737,.22448207,0,1,0,0,0,0,0,0,0,0,0,0,0,0,0,1,0,19.925255,19.112783,18.31004,.59024787,7.0193806,1.2597084,1,1,1,1
25549464,2021,1,97,.24209487,.23088028,.26747996,.26981768,.28732342,.25829551,.25328737,.2831488,.23072699,0,1,0,0,0,0,0,0,0,0,0,0,0,0,0,0,1,19.748335,19.114721,18.868324,.57111192,6.9773955,1.3066674,1,1,1,1
25655558,2010,0,110,,,.11555415,.25139943,.26504046,.24777383,.064186022,.27192137,.226101,0,1,0,0,0,1,0,0,0,0,0,0,0,0,0,0,0,20.207085,19.410448,16.566462,.66029644,7.1529326,1.1224953,1,1,1,0
25655558,2011,1,110,,.11555415,.25139943,.26504046,.24777383,.064186022,.27192137,.226101,.24035442,0,1,0,0,0,0,1,0,0,0,0,0,0,0,0,0,0,19.963915,19.147511,16.547117,.65205759,7.2128997,1.2858236,0,1,1,1
25655558,2012,1,110,.11555415,.25139943,.26504046,.24777383,.064186022,.27192137,.226101,.24035442,-.021659866,0,1,0,0,0,0,0,1,0,0,0,0,0,0,0,0,0,19.828167,19.102266,16.506193,.65193301,7.2153149,1.3034837,1,0,1,1
25655558,2013,1,110,.25139943,.26504046,.24777383,.064186022,.27192137,.226101,.24035442,-.021659866,.28703377,0,1,0,0,0,0,0,0,1,0,0,0,0,0,0,0,0,20.123652,19.085981,16.65827,.64615101,7.1846089,1.2811701,1,1,0,1
25655558,2014,0,110,.26504046,.24777383,.064186022,.27192137,.226101,.24035442,-.021659866,.28703377,.011234007,0,1,0,0,0,0,0,0,0,1,0,0,0,0,0,0,0,20.271261,19.286327,16.48671,.65883619,7.069344,1.0662907,1,1,1,0
25655558,2015,1,110,.24777383,.064186022,.27192137,.226101,.24035442,-.021659866,.28703377,.011234007,.26518917,0,1,0,0,0,0,0,0,0,0,1,0,0,0,0,0,0,20.049261,19.350952,16.118313,.67369527,7.3090377,1.3124838,0,1,1,1
25655558,2016,0,110,.064186022,.27192137,.226101,.24035442,-.021659866,.28703377,.011234007,.26518917,.292153,0,1,0,0,0,0,0,0,0,0,0,1,0,0,0,0,0,20.467291,19.035986,16.024916,.66624147,7.1780934,1.2537023,1,0,1,1
25655558,2017,1,110,.27192137,.226101,.24035442,-.021659866,.28703377,.011234007,.26518917,.292153,.32162029,0,1,0,0,0,0,0,0,0,0,0,0,1,0,0,0,0,20.050564,19.176725,16.980965,.63812524,7.1837497,1.2716998,0,1,0,1
25655558,2018,1,110,.226101,.24035442,-.021659866,.28703377,.011234007,.26518917,.292153,.32162029,.27056938,0,1,0,0,0,0,0,0,0,0,0,0,0,1,0,0,0,20.139284,19.267925,17.096292,.63724709,6.9416242,.97857302,1,0,1,0
25655558,2019,1,110,.24035442,-.021659866,.28703377,.011234007,.26518917,.292153,.32162029,.27056938,.25337684,0,1,0,0,0,0,0,0,0,0,0,0,0,0,1,0,0,20.498425,19.739779,17.146,.65151638,7.3900008,1.3324692,1,1,0,1
25655558,2020,1,110,-.021659866,.28703377,.011234007,.26518917,.292153,.32162029,.27056938,.25337684,.19401884,0,1,0,0,0,0,0,0,0,0,0,0,0,0,0,1,0,19.365194,18.576385,17.238453,.60893923,6.7390857,1.0112973,1,1,1,0
25655558,2021,1,110,.28703377,.011234007,.26518917,.292153,.32162029,.27056938,.25337684,.28351465,.27500629,0,1,0,0,0,0,0,0,0,0,0,0,0,0,0,0,1,19.489363,18.623066,16.965679,.61990178,7.0342083,1.3036776,1,1,1,1
25680595,2010,0,27,,,.12634881,.088019073,.10572292,.093768612,.065402322,.068775408,.061916519,0,1,0,0,0,1,0,0,0,0,0,0,0,0,0,0,0,17.90102,17.039963,13.668605,.67969054,6.560297,1.1346779,0,0,0,0
25680595,2011,0,27,,.12634881,.088019073,.10572292,.093768612,.065402322,.068775408,.061916519,.27989337,0,1,0,0,0,0,1,0,0,0,0,0,0,0,0,0,0,18.359426,17.798126,13.497236,.71125913,6.7123594,1.0920089,0,0,0,0
25680595,2012,0,27,.12634881,.088019073,.10572292,.093768612,.065402322,.068775408,.061916519,.27989337,.062514253,0,1,0,0,0,0,0,1,0,0,0,0,0,0,0,0,0,18.36474,17.611219,13.554922,.70294565,6.6861401,1.1115139,0,0,0,0
25680595,2013,1,27,.088019073,.10572292,.093768612,.065402322,.068775408,.061916519,.27989337,.062514253,.22725886,0,1,0,0,0,0,0,0,1,0,0,0,0,0,0,0,0,18.542997,17.629152,13.593873,.70221329,6.6797304,1.0983056,0,0,0,0
25680595,2014,0,27,.10572292,.093768612,.065402322,.068775408,.061916519,.27989337,.062514253,.22725886,.21594685,0,1,0,0,0,0,0,0,0,1,0,0,0,0,0,0,0,18.459335,17.451811,13.088251,.71359807,6.5902209,1.0675884,1,0,0,0
25680595,2015,1,27,.093768612,.065402322,.068775408,.061916519,.27989337,.062514253,.22725886,.21594685,.25845349,0,1,0,0,0,0,0,0,0,0,1,0,0,0,0,0,0,18.373138,17.468687,12.895086,.72081321,6.5883036,1.0711956,0,1,0,0
25680595,2016,1,27,.065402322,.068775408,.061916519,.27989337,.062514253,.22725886,.21594685,.25845349,.24620205,0,1,0,0,0,0,0,0,0,0,0,1,0,0,0,0,0,18.547493,17.551285,14.267448,.67640948,6.6349831,1.0638735,1,0,1,0
25680595,2017,1,27,.068775408,.061916519,.27989337,.062514253,.22725886,.21594685,.25845349,.24620205,.27917686,0,1,0,0,0,0,0,0,0,0,0,0,1,0,0,0,0,18.696774,17.530552,13.746311,.69363129,6.8442283,1.3229887,1,1,0,1
25680595,2018,1,27,.061916519,.27989337,.062514253,.22725886,.21594685,.25845349,.24620205,.27917686,.2341841,0,1,0,0,0,0,0,0,0,0,0,0,0,1,0,0,0,18.744406,17.654205,13.563604,.70410269,6.6538558,1.0645096,1,1,1,0
25680595,2019,1,27,.27989337,.062514253,.22725886,.21594685,.25845349,.24620205,.27917686,.2341841,.23384826,0,1,0,0,0,0,0,0,0,0,0,0,0,0,1,0,0,18.883539,17.898436,15.025067,.662108,6.8856153,1.2551547,1,1,1,1
25680595,2020,1,27,.062514253,.22725886,.21594685,.25845349,.24620205,.27917686,.2341841,.23384826,.19634116,0,1,0,0,0,0,0,0,0,0,0,0,0,0,0,1,0,18.842825,17.876053,15.128845,.65778071,6.8647952,1.2410364,1,1,1,1
25680595,2021,1,27,.22725886,.21594685,.25845349,.24620205,.27917686,.2341841,.23384826,.27142319,.21421053,0,1,0,0,0,0,0,0,0,0,0,0,0,0,0,0,1,18.480881,17.86257,15.143681,.65681386,6.9028945,1.2949259,1,1,1,1
25819909,2010,0,15,,,.29141849,.28249028,.22509058,.24107614,.24659935,.30677086,.25669244,0,0,0,0,0,1,0,0,0,0,0,0,0,0,0,0,0,18.922628,18.204119,16.348423,.6269443,6.9754605,1.3383245,0,0,0,0
25819909,2011,0,15,,.29141849,.28249028,.22509058,.24107614,.24659935,.30677086,.25669244,.20002382,0,0,0,0,0,0,1,0,0,0,0,0,0,0,0,0,0,18.517847,17.629696,16.344046,.60764253,6.7785759,1.3264289,0,0,0,0
25819909,2012,0,15,.29141849,.28249028,.22509058,.24107614,.24659935,.30677086,.25669244,.20002382,.41984364,0,0,0,0,0,0,0,1,0,0,0,0,0,0,0,0,0,18.142178,17.639757,16.297993,.60956722,6.7287455,1.2524362,0,0,0,0
25819909,2013,0,15,.28249028,.22509058,.24107614,.24659935,.30677086,.25669244,.20002382,.41984364,.26717064,0,0,0,0,0,0,0,0,1,0,0,0,0,0,0,0,0,18.15719,17.742481,16.256823,.61446184,6.7824993,1.2726179,0,0,0,0
25819909,2014,1,15,.22509058,.24107614,.24659935,.30677086,.25669244,.20002382,.41984364,.26717064,.44984969,0,0,0,0,0,0,0,0,0,1,0,0,0,0,0,0,0,18.136612,17.69335,15.483522,.63939488,6.8257017,1.2796663,0,0,0,0
25819909,2015,0,15,.24107614,.24659935,.30677086,.25669244,.20002382,.41984364,.26717064,.44984969,.3707194,0,0,0,0,0,0,0,0,0,0,1,0,0,0,0,0,0,18.220362,17.703936,14.186412,.68436605,6.9210801,1.3590295,1,0,0,0
25819909,2016,1,15,.24659935,.30677086,.25669244,.20002382,.41984364,.26717064,.44984969,.3707194,.27566072,0,0,0,0,0,0,0,0,0,0,0,1,0,0,0,0,0,17.710373,17.541319,14.12158,.68108898,6.8273196,1.2926475,0,1,0,0
25819909,2017,1,15,.30677086,.25669244,.20002382,.41984364,.26717064,.44984969,.3707194,.27566072,.3943615,0,0,0,0,0,0,0,0,0,0,0,0,1,0,0,0,0,17.852295,17.621853,13.799153,.6949057,6.7887459,1.2214319,1,0,1,0
25819909,2018,0,15,.25669244,.20002382,.41984364,.26717064,.44984969,.3707194,.27566072,.3943615,.27011082,0,0,0,0,0,0,0,0,0,0,0,0,0,1,0,0,0,17.834721,17.439137,13.881703,.68587893,6.9620399,1.5217236,1,1,0,1
25819909,2019,1,15,.20002382,.41984364,.26717064,.44984969,.3707194,.27566072,.3943615,.27011082,.3705841,0,0,0,0,0,0,0,0,0,0,0,0,0,0,1,0,0,17.804457,17.467304,13.269058,.70790404,6.8029232,1.3062633,0,1,1,0
25819909,2020,0,15,.41984364,.26717064,.44984969,.3707194,.27566072,.3943615,.27011082,.3705841,.34746772,0,0,0,0,0,0,0,0,0,0,0,0,0,0,0,1,0,18.043806,17.442688,14.048131,.68027508,6.9937987,1.5680765,1,0,1,1
25819909,2021,1,15,.26717064,.44984969,.3707194,.27566072,.3943615,.27011082,.3705841,.28789714,.27437463,0,0,0,0,0,0,0,0,0,0,0,0,0,0,0,0,1,17.898977,17.387506,14.745609,.65441746,6.8887978,1.4487765,0,1,0,1
25862758,2010,0,17,,,.31917974,.30123788,.23692609,.24776433,.24250756,.28318655,.21715634,0,0,0,0,0,1,0,0,0,0,0,0,0,0,0,0,0,17.014498,16.253624,14.534538,.62327904,6.49719,1.3759986,0,0,0,0
25862758,2011,0,17,,.31917974,.30123788,.23692609,.24776433,.24250756,.28318655,.21715634,.26379463,0,0,0,0,0,0,1,0,0,0,0,0,0,0,0,0,0,17.671614,16.855209,15.141601,.62277198,6.6362538,1.3515308,0,0,0,0
25862758,2012,0,17,.31917974,.30123788,.23692609,.24776433,.24250756,.28318655,.21715634,.26379463,.22231112,0,0,0,0,0,0,0,1,0,0,0,0,0,0,0,0,0,18.352102,17.467325,15.771408,.62183923,6.7265806,1.2673475,0,0,0,0
25862758,2013,1,17,.30123788,.23692609,.24776433,.24250756,.28318655,.21715634,.26379463,.22231112,.33929995,0,0,0,0,0,0,0,0,1,0,0,0,0,0,0,0,0,17.392223,17.061594,15.636153,.61275142,6.6146913,1.281158,0,0,0,0
25862758,2014,0,17,.23692609,.24776433,.24250756,.28318655,.21715634,.26379463,.22231112,.33929995,.24435231,0,0,0,0,0,0,0,0,0,1,0,0,0,0,0,0,0,17.315048,16.492674,15.472958,.59909838,6.4308891,1.2744409,1,0,0,0
25862758,2015,1,17,.24776433,.24250756,.28318655,.21715634,.26379463,.22231112,.33929995,.24435231,.23269282,0,0,0,0,0,0,0,0,0,0,1,0,0,0,0,0,0,17.083557,16.291723,15.684562,.58501548,6.3803644,1.3273528,0,1,0,0
25862758,2016,0,17,.24250756,.28318655,.21715634,.26379463,.22231112,.33929995,.24435231,.23269282,.36966053,0,0,0,0,0,0,0,0,0,0,0,1,0,0,0,0,0,17.028881,16.557789,15.552293,.59857482,6.4207606,1.2425383,1,0,1,0
25862758,2017,0,17,.28318655,.21715634,.26379463,.22231112,.33929995,.24435231,.23269282,.36966053,.3872475,0,0,0,0,0,0,0,0,0,0,0,0,1,0,0,0,0,17.441797,16.428446,15.39697,.59953684,6.436883,1.3018608,0,1,0,1
25862758,2018,1,17,.21715634,.26379463,.22231112,.33929995,.24435231,.23269282,.36966053,.3872475,.27052811,0,0,0,0,0,0,0,0,0,0,0,0,0,1,0,0,0,17.049292,16.290424,15.42848,.59377915,6.3446689,1.2489599,0,0,1,0
25862758,2019,1,17,.26379463,.22231112,.33929995,.24435231,.23269282,.36966053,.3872475,.27052811,.21423443,0,0,0,0,0,0,0,0,0,0,0,0,0,0,1,0,0,17.160631,16.522919,15.653676,.593907,6.5212398,1.4039644,1,0,0,1
25862758,2020,0,17,.22231112,.33929995,.24435231,.23269282,.36966053,.3872475,.27052811,.21423443,.26141736,0,0,0,0,0,0,0,0,0,0,0,0,0,0,0,1,0,17.561014,16.706154,15.777345,.59585863,6.4781137,1.2767941,1,1,0,0
25862758,2021,0,17,.33929995,.24435231,.23269282,.36966053,.3872475,.27052811,.21423443,.23595639,.28457218,0,0,0,0,0,0,0,0,0,0,0,0,0,0,0,0,1,17.201424,16.5317,15.678184,.59336144,6.4153123,1.2619938,0,1,1,0
26259699,2010,0,37,,,.34642756,.31643528,.21100341,.30770296,.30032772,.30028254,.24958269,0,0,0,0,0,1,0,0,0,0,0,0,0,0,0,0,0,18.980324,17.984348,13.653064,.71220589,7.0212402,1.4140071,0,0,0,0
26259699,2011,0,37,,.34642756,.31643528,.21100341,.30770296,.30032772,.30028254,.24958269,.17295891,0,0,0,0,0,0,1,0,0,0,0,0,0,0,0,0,0,18.794998,18.105469,13.279017,.72917241,7.0021873,1.3722274,0,0,0,0
26259699,2012,0,37,.34642756,.31643528,.21100341,.30770296,.30032772,.30028254,.24958269,.17295891,.22911486,0,0,0,0,0,0,0,1,0,0,0,0,0,0,0,0,0,18.820757,17.974293,12.83007,.74017125,6.8393202,1.2349166,0,0,0,0
26259699,2013,0,37,.31643528,.21100341,.30770296,.30032772,.30028254,.24958269,.17295891,.22911486,.27032816,0,0,0,0,0,0,0,0,1,0,0,0,0,0,0,0,0,18.540106,17.670866,14.162893,.68405503,6.9131231,1.3602968,0,0,0,0
26259699,2014,0,37,.21100341,.30770296,.30032772,.30028254,.24958269,.17295891,.22911486,.27032816,.27403757,0,0,0,0,0,0,0,0,0,1,0,0,0,0,0,0,0,19.171377,18.026373,14.461714,.68581641,7.0009832,1.3503013,0,0,0,0
26259699,2015,0,37,.30770296,.30032772,.30028254,.24958269,.17295891,.22911486,.27032816,.27403757,.25543171,0,0,0,0,0,0,0,0,0,0,1,0,0,0,0,0,0,19.055325,17.74678,14.683662,.66871452,6.9230332,1.3502402,0,0,0,0
26259699,2016,0,37,.30032772,.30028254,.24958269,.17295891,.22911486,.27032816,.27403757,.25543171,.2922065,0,0,0,0,0,0,0,0,0,0,0,1,0,0,0,0,0,18.700542,17.638092,14.714826,.66396207,6.8409953,1.2834897,0,0,0,0
26259699,2017,0,37,.30028254,.24958269,.17295891,.22911486,.27032816,.27403757,.25543171,.2922065,.28810331,0,0,0,0,0,0,0,0,0,0,0,0,1,0,0,0,0,17.78307,17.159246,14.466767,.65627807,6.6320758,1.1888173,0,0,0,0
26259699,2018,0,37,.24958269,.17295891,.22911486,.27032816,.27403757,.25543171,.2922065,.28810331,.28226054,0,0,0,0,0,0,0,0,0,0,0,0,0,1,0,0,0,18.287663,17.514765,14.737346,.65901119,6.7845535,1.2574865,0,0,0,0
26259699,2019,0,37,.17295891,.22911486,.27032816,.27403757,.25543171,.2922065,.28810331,.28226054,.23039308,0,0,0,0,0,0,0,0,0,0,0,0,0,0,1,0,0,18.718821,17.735054,14.880911,.6615333,6.8855691,1.3103944,0,0,0,0
26259699,2020,0,37,.22911486,.27032816,.27403757,.25543171,.2922065,.28810331,.28226054,.23039308,.2603392,0,0,0,0,0,0,0,0,0,0,0,0,0,0,0,1,0,18.956942,17.748087,15.164587,.65221792,6.8841109,1.3152642,0,0,0,0
26259699,2021,0,37,.27032816,.27403757,.25543171,.2922065,.28810331,.28226054,.23039308,.22235031,.25777492,0,0,0,0,0,0,0,0,0,0,0,0,0,0,0,0,1,19.050377,17.868692,15.296961,.65174925,6.8961167,1.2910188,0,0,0,0
26788675,2010,1,107,,,.35118818,.46009701,.26356494,.2655234,.35729671,.39582372,.33052605,0,0,0,0,0,1,0,0,0,0,0,0,0,0,0,0,0,18.709,17.9872,14.944982,.66786838,7.0366497,1.4207547,0,0,1,0
26788675,2011,1,107,,.35118818,.46009701,.26356494,.2655234,.35729671,.39582372,.33052605,.26713157,0,0,0,0,0,0,1,0,0,0,0,0,0,0,0,0,0,18.51137,17.861177,15.047107,.66008824,7.1071219,1.5842277,1,0,0,1
26788675,2012,1,107,.35118818,.46009701,.26356494,.2655234,.35729671,.39582372,.33052605,.26713157,.3234916,0,0,0,0,0,0,0,1,0,0,0,0,0,0,0,0,0,18.445612,17.775345,15.421597,.64430141,6.8708324,1.3015618,1,1,0,0
26788675,2013,1,107,.46009701,.26356494,.2655234,.35729671,.39582372,.33052605,.26713157,.3234916,.37933689,0,0,0,0,0,0,0,0,1,0,0,0,0,0,0,0,0,18.798555,18.045174,15.95208,.63519359,6.9265213,1.3041134,1,1,1,0
26788675,2014,1,107,.26356494,.2655234,.35729671,.39582372,.33052605,.26713157,.3234916,.37933689,.38768688,0,0,0,0,0,0,0,0,0,1,0,0,0,0,0,0,0,18.664093,17.994116,16.367861,.61916423,6.9720755,1.4294599,1,1,1,1
26788675,2015,1,107,.2655234,.35729671,.39582372,.33052605,.26713157,.3234916,.37933689,.38768688,.37266859,0,0,0,0,0,0,0,0,0,0,1,0,0,0,0,0,0,19.039217,18.33786,16.832932,.61480922,7.0832195,1.4856074,1,1,1,1
26788675,2016,1,107,.35729671,.39582372,.33052605,.26713157,.3234916,.37933689,.38768688,.37266859,.4196561,0,0,0,0,0,0,0,0,0,0,0,1,0,0,0,0,0,18.828342,17.96875,16.875225,.60085499,6.8896036,1.3917,1,1,1,1
26788675,2017,1,107,.39582372,.33052605,.26713157,.3234916,.37933689,.38768688,.37266859,.4196561,.4057638,0,0,0,0,0,0,0,0,0,0,0,0,1,0,0,0,0,18.662436,17.888817,16.814339,.60024226,6.8051367,1.3062123,1,1,1,1
26788675,2018,1,107,.33052605,.26713157,.3234916,.37933689,.38768688,.37266859,.4196561,.4057638,.39420959,0,0,0,0,0,0,0,0,0,0,0,0,0,1,0,0,0,18.908043,18.070137,16.772968,.60780537,6.9272876,1.3819445,1,1,1,1
26788675,2019,1,107,.26713157,.3234916,.37933689,.38768688,.37266859,.4196561,.4057638,.39420959,.35817671,0,0,0,0,0,0,0,0,0,0,0,0,0,0,1,0,0,19.197208,18.474426,17.071451,.61123031,7.0896192,1.4613153,1,1,1,1
26788675,2020,1,107,.3234916,.37933689,.38768688,.37266859,.4196561,.4057638,.39420959,.35817671,.35387173,0,0,0,0,0,0,0,0,0,0,0,0,0,0,0,1,0,18.912788,18.382742,16.957645,.61203974,7.0783606,1.4735683,1,1,1,1
26788675,2021,1,107,.37933689,.38768688,.37266859,.4196561,.4057638,.39420959,.35817671,.31607389,.35457742,0,0,0,0,0,0,0,0,0,0,0,0,0,0,0,0,1,18.933277,18.477057,17.050165,.61205149,7.0858808,1.4516032,1,1,1,1
45193771,2010,1,120,,,.039751705,-.017564893,.26867867,.24366117,.22891709,-.021865336,.21720383,0,1,0,0,0,1,0,0,0,0,0,0,0,0,0,0,0,19.865862,19.072107,17.219027,.62639457,6.9317565,1.0405524,1,1,0,0
45193771,2011,0,120,,.039751705,-.017564893,.26867867,.24366117,.22891709,-.021865336,.21720383,.23243794,0,1,0,0,0,0,1,0,0,0,0,0,0,0,0,0,0,19.831547,19.203859,17.3374,.62678492,6.9064469,.98258847,1,1,1,0
45193771,2012,1,120,.039751705,-.017564893,.26867867,.24366117,.22891709,-.021865336,.21720383,.23243794,.23159118,0,1,0,0,0,0,0,1,0,0,0,0,0,0,0,0,0,20.061701,19.489712,17.427649,.6333611,7.2755804,1.3082347,0,1,1,1
45193771,2013,1,120,-.017564893,.26867867,.24366117,.22891709,-.021865336,.21720383,.23243794,.23159118,.27627251,0,1,0,0,0,0,0,0,1,0,0,0,0,0,0,0,0,19.836452,19.252028,17.381535,.62689817,7.1792612,1.2759119,1,0,1,1
45193771,2014,1,120,.26867867,.24366117,.22891709,-.021865336,.21720383,.23243794,.23159118,.27627251,.051434543,0,1,0,0,0,0,0,0,0,1,0,0,0,0,0,0,0,20.07778,19.220537,17.386999,.62564379,7.1539779,1.2572378,1,1,0,1
45193771,2015,1,120,.24366117,.22891709,-.021865336,.21720383,.23243794,.23159118,.27627251,.051434543,.30437183,0,1,0,0,0,0,0,0,0,0,1,0,0,0,0,0,0,20.135744,19.362017,17.393078,.63022584,6.9476876,.97837198,1,1,1,0
45193771,2016,0,120,.22891709,-.021865336,.21720383,.23243794,.23159118,.27627251,.051434543,.30437183,.30046228,0,1,0,0,0,0,0,0,0,0,0,1,0,0,0,0,0,20.064314,19.25935,17.212936,.63294482,7.1689754,1.2425973,1,1,1,1
45193771,2017,1,120,-.021865336,.21720383,.23243794,.23159118,.27627251,.051434543,.30437183,.30046228,.097189449,0,1,0,0,0,0,0,0,0,0,0,0,1,0,0,0,0,19.961134,19.117134,17.182796,.62916547,7.1417828,1.2616721,0,1,1,1
45193771,2018,1,120,.21720383,.23243794,.23159118,.27627251,.051434543,.30437183,.30046228,.097189449,.28662521,0,1,0,0,0,0,0,0,0,0,0,0,0,1,0,0,0,20.162487,19.429871,16.951492,.64771146,7.2540026,1.2606043,1,0,1,1
45193771,2019,0,120,.23243794,.23159118,.27627251,.051434543,.30437183,.30046228,.097189449,.28662521,.278633,0,1,0,0,0,0,0,0,0,0,0,0,0,0,1,0,0,20.27162,19.338182,16.846416,.64822048,7.2776003,1.318207,1,1,0,1
45193771,2020,1,120,.23159118,.27627251,.051434543,.30437183,.30046228,.097189449,.28662521,.278633,.20170887,0,1,0,0,0,0,0,0,0,0,0,0,0,0,0,1,0,19.508966,18.868887,16.718466,.63672894,6.9179974,1.0527803,0,1,1,0
45193771,2021,1,120,.27627251,.051434543,.30437183,.30046228,.097189449,.28662521,.278633,.24757776,.27249458,0,1,0,0,0,0,0,0,0,0,0,0,0,0,0,0,1,19.639137,19.054056,16.562311,.64837027,7.237215,1.3557731,1,0,1,1
45474281,2010,1,137,,,.22871889,.49335065,.42592937,.44190931,.41941136,.43563879,.40336713,0,0,0,0,0,1,0,0,0,0,0,0,0,0,0,0,0,20.06074,19.193029,17.396826,.62437427,7.1440921,1.2569886,1,1,1,0
45474281,2011,1,137,,.22871889,.49335065,.42592937,.44190931,.41941136,.43563879,.40336713,.32642442,0,0,0,0,0,0,1,0,0,0,0,0,0,0,0,0,0,19.791359,19.227583,17.497854,.62206966,7.4107637,1.6377947,1,1,1,1
45474281,2012,1,137,.22871889,.49335065,.42592937,.44190931,.41941136,.43563879,.40336713,.32642442,.37081754,0,0,0,0,0,0,0,1,0,0,0,0,0,0,0,0,0,20.139059,19.089928,17.527464,.61638969,7.2956572,1.5310127,1,1,1,1
45474281,2013,1,137,.49335065,.42592937,.44190931,.41941136,.43563879,.40336713,.32642442,.37081754,.40879196,0,0,0,0,0,0,0,0,1,0,0,0,0,0,0,0,0,19.931864,19.162069,17.601465,.61628753,7.3281159,1.5556747,1,1,1,1
45474281,2014,1,137,.42592937,.44190931,.41941136,.43563879,.40336713,.32642442,.37081754,.40879196,.44103843,0,0,0,0,0,0,0,0,0,1,0,0,0,0,0,0,0,19.862556,19.164965,17.577311,.61721635,7.308928,1.521066,1,1,1,1
45474281,2015,1,137,.44190931,.41941136,.43563879,.40336713,.32642442,.37081754,.40879196,.44103843,.40066314,0,0,0,0,0,0,0,0,0,0,1,0,0,0,0,0,0,19.882067,19.11792,17.682056,.61202061,7.2991333,1.5459503,1,1,1,1
45474281,2016,1,137,.41941136,.43563879,.40336713,.32642442,.37081754,.40879196,.44103843,.40066314,.44377986,0,0,0,0,0,0,0,0,0,0,0,1,0,0,0,0,0,19.832548,19.267189,17.5695,.62094671,7.3269758,1.4968563,1,1,1,1
45474281,2017,1,137,.43563879,.40336713,.32642442,.37081754,.40879196,.44103843,.40066314,.44377986,.44067055,0,0,0,0,0,0,0,0,0,0,0,0,1,0,0,0,0,19.572601,18.972454,17.540792,.61195314,7.1559792,1.3860035,1,1,1,1
45474281,2018,1,137,.40336713,.32642442,.37081754,.40879196,.44103843,.40066314,.44377986,.44067055,.43912506,0,0,0,0,0,0,0,0,0,0,0,0,0,1,0,0,0,19.725313,18.97924,17.725733,.60582215,7.1831532,1.4489187,1,1,1,1
45474281,2019,1,137,.32642442,.37081754,.40879196,.44103843,.40066314,.44377986,.44067055,.43912506,.38580146,0,0,0,0,0,0,0,0,0,0,0,0,0,0,1,0,0,19.924913,19.105976,17.828211,.60658932,7.2527337,1.5049986,1,1,1,1
45474281,2020,1,137,.37081754,.40879196,.44103843,.40066314,.44377986,.44067055,.43912506,.38580146,.3854571,0,0,0,0,0,0,0,0,0,0,0,0,0,0,0,1,0,20.049238,19.47669,17.846071,.61852896,7.4062514,1.5543205,1,1,1,1
45474281,2021,1,137,.40879196,.44103843,.40066314,.44377986,.44067055,.43912506,.38580146,.34397161,.37679902,0,0,0,0,0,0,0,0,0,0,0,0,0,0,0,0,1,19.701729,19.06522,17.769531,.60722733,7.2372608,1.4928143,1,1,1,1
45804371,2010,1,261,,,.075882316,.038987044,.057620753,.25804126,.25718772,.26321998,.23401488,0,1,0,0,0,1,0,0,0,0,0,0,0,0,0,0,0,20.293243,19.21188,16.867594,.643215,7.0377626,1.0788356,1,0,0,0
45804371,2011,1,261,,.075882316,.038987044,.057620753,.25804126,.25718772,.26321998,.23401488,.24157932,0,1,0,0,0,0,1,0,0,0,0,0,0,0,0,0,0,20.41161,19.267168,16.799738,.64742112,7.0218277,1.039757,1,1,0,0
45804371,2012,1,261,.075882316,.038987044,.057620753,.25804126,.25718772,.26321998,.23401488,.24157932,.23632947,0,1,0,0,0,0,0,1,0,0,0,0,0,0,0,0,0,20.522799,19.246824,16.768629,.64780211,7.036222,1.0593132,1,1,1,0
45804371,2013,1,261,.038987044,.057620753,.25804126,.25718772,.26321998,.23401488,.24157932,.23632947,.29068667,0,1,0,0,0,0,0,0,1,0,0,0,0,0,0,0,0,20.087902,19.248199,16.648779,.6519708,7.2438831,1.2943922,1,1,1,1
45804371,2014,1,261,.057620753,.25804126,.25718772,.26321998,.23401488,.24157932,.23632947,.29068667,.27717859,0,1,0,0,0,0,0,0,0,1,0,0,0,0,0,0,0,20.291321,19.525436,16.73461,.65840715,7.3198442,1.2932879,1,1,1,1
45804371,2015,1,261,.25804126,.25718772,.26321998,.23401488,.24157932,.23632947,.29068667,.27717859,.16375805,0,1,0,0,0,0,0,0,0,0,1,0,0,0,0,0,0,20.123768,19.303457,16.592985,.65576106,7.2682452,1.3011129,1,1,1,1
45804371,2016,1,261,.25718772,.26321998,.23401488,.24157932,.23632947,.29068667,.27717859,.16375805,.33986402,0,1,0,0,0,0,0,0,0,0,0,1,0,0,0,0,0,20.070042,19.289013,16.39257,.66216493,7.2440953,1.2636633,1,1,1,1
45804371,2017,0,261,.26321998,.23401488,.24157932,.23632947,.29068667,.27717859,.16375805,.33986402,.3499831,0,1,0,0,0,0,0,0,0,0,0,0,1,0,0,0,0,20.059092,18.998007,16.307249,.65524483,7.1711197,1.2732584,1,1,1,1
45804371,2018,1,261,.23401488,.24157932,.23632947,.29068667,.27717859,.16375805,.33986402,.3499831,.32031357,0,1,0,0,0,0,0,0,0,0,0,0,0,1,0,0,0,20.141447,19.329699,16.36511,.66448718,7.2591491,1.2665915,0,1,1,1
45804371,2019,1,261,.24157932,.23632947,.29068667,.27717859,.16375805,.33986402,.3499831,.32031357,.31301227,0,1,0,0,0,0,0,0,0,0,0,0,0,0,1,0,0,20.789787,19.645969,16.742107,.66223103,7.3877478,1.3373455,1,0,1,1
45804371,2020,1,261,.23632947,.29068667,.27717859,.16375805,.33986402,.3499831,.32031357,.31301227,.23855998,0,1,0,0,0,0,0,0,0,0,0,0,0,0,0,1,0,20.390009,19.420837,16.786533,.65307915,7.3065238,1.319402,1,1,0,1
45804371,2021,1,261,.29068667,.27717859,.16375805,.33986402,.3499831,.32031357,.31301227,.29394138,.27432853,0,1,0,0,0,0,0,0,0,0,0,0,0,0,0,0,1,20.575563,19.587858,16.315359,.67494065,7.2604971,1.1779293,1,1,1,0
46578021,2010,1,190,,,.18188241,.45447978,.41363311,.3444418,.30878824,.32841262,.29915082,1,0,0,0,0,1,0,0,0,0,0,0,0,0,0,0,0,19.967709,19.163048,18.620499,.58127213,6.9460802,1.1994731,1,1,1,0
46578021,2011,1,190,,.18188241,.45447978,.41363311,.3444418,.30878824,.32841262,.29915082,.22026704,1,0,0,0,0,0,1,0,0,0,0,0,0,0,0,0,0,19.898445,19.096512,19.424553,.55136442,7.0652032,1.5753536,1,1,1,1
46578021,2012,1,190,.18188241,.45447978,.41363311,.3444418,.30878824,.32841262,.29915082,.22026704,.26347584,1,0,0,0,0,0,0,1,0,0,0,0,0,0,0,0,0,20.573889,19.831081,19.597662,.5702861,7.2731047,1.5123022,1,1,1,1
46578021,2013,1,190,.45447978,.41363311,.3444418,.30878824,.32841262,.29915082,.22026704,.26347584,.37290952,1,0,0,0,0,0,0,0,1,0,0,0,0,0,0,0,0,20.304152,19.320658,19.933033,.5414663,6.9487252,1.411202,1,1,1,1
46578021,2014,1,190,.41363311,.3444418,.30878824,.32841262,.29915082,.22026704,.26347584,.37290952,.26492533,1,0,0,0,0,0,0,0,0,1,0,0,0,0,0,0,0,20.385294,19.6402,20.118782,.54589868,7.0033855,1.361774,1,1,1,1
46578021,2015,1,190,.3444418,.30878824,.32841262,.29915082,.22026704,.26347584,.37290952,.26492533,.25064895,1,0,0,0,0,0,0,0,0,0,1,0,0,0,0,0,0,20.899607,19.801498,20.25655,.54662257,7.0598669,1.3887619,1,1,1,1
46578021,2016,1,190,.30878824,.32841262,.29915082,.22026704,.26347584,.37290952,.26492533,.25064895,.24069661,1,0,0,0,0,0,0,0,0,0,0,1,0,0,0,0,0,20.918409,20.33596,20.28224,.56383806,7.2309918,1.348713,1,1,1,1
46578021,2017,1,190,.32841262,.29915082,.22026704,.26347584,.37290952,.26492533,.25064895,.24069661,-.0094684167,1,0,0,0,0,0,0,0,0,0,0,0,1,0,0,0,0,20.428244,19.457304,20.317688,.53286391,6.8027887,1.2464095,1,1,1,1
46578021,2018,1,190,.29915082,.22026704,.26347584,.37290952,.26492533,.25064895,.24069661,-.0094684167,.30276051,1,0,0,0,0,0,0,0,0,0,0,0,0,1,0,0,0,20.207237,19.436264,20.397152,.52941835,6.8210583,1.3014458,1,1,1,1
46578021,2019,0,190,.22026704,.26347584,.37290952,.26492533,.25064895,.24069661,-.0094684167,.30276051,.30696154,1,0,0,0,0,0,0,0,0,0,0,0,0,0,1,0,0,20.442043,19.414263,20.577532,.52246934,6.8831158,1.4519529,1,1,1,1
46578021,2020,1,190,.26347584,.37290952,.26492533,.25064895,.24069661,-.0094684167,.30276051,.30696154,.15507987,1,0,0,0,0,0,0,0,0,0,0,0,0,0,0,1,0,20.225773,19.321657,19.130827,.56909114,7.0104933,1.3033336,0,1,1,1
46578021,2021,1,190,.37290952,.26492533,.25064895,.24069661,-.0094684167,.30276051,.30696154,.054796956,.21798013,1,0,0,0,0,0,0,0,0,0,0,0,0,0,0,0,1,19.973478,19.232746,19.141237,.56572217,6.9613924,1.2848589,1,0,1,1
46964541,2010,1,92,,,.25618324,.26492724,.22010061,.39537561,.37033761,.39321804,.34392071,0,0,0,0,0,1,0,0,0,0,0,0,0,0,0,0,0,18.889484,18.110235,17.583353,.58129102,6.7819552,1.2919894,1,0,0,0
46964541,2011,1,92,,.25618324,.26492724,.22010061,.39537561,.37033761,.39321804,.34392071,.28987536,0,0,0,0,0,0,1,0,0,0,0,0,0,0,0,0,0,19.097841,18.003349,17.491795,.58082044,6.7640443,1.3033361,1,1,0,0
46964541,2012,1,92,.25618324,.26492724,.22010061,.39537561,.37033761,.39321804,.34392071,.28987536,.33207849,0,0,0,0,0,0,0,1,0,0,0,0,0,0,0,0,0,19.152758,18.018141,17.947947,.56563252,6.6612096,1.2462021,1,1,1,0
46964541,2013,1,92,.26492724,.22010061,.39537561,.37033761,.39321804,.34392071,.28987536,.33207849,.37516651,0,0,0,0,0,0,0,0,1,0,0,0,0,0,0,0,0,18.539089,17.794998,17.792839,.56341076,6.7757597,1.4849418,1,1,1,1
46964541,2014,1,92,.22010061,.39537561,.37033761,.39321804,.34392071,.28987536,.33207849,.37516651,.37928233,0,0,0,0,0,0,0,0,0,1,0,0,0,0,0,0,0,18.877802,17.669453,17.678476,.56309265,6.7204022,1.4482235,1,1,1,1
46964541,2015,1,92,.39537561,.37033761,.39321804,.34392071,.28987536,.33207849,.37516651,.37928233,.36577475,0,0,0,0,0,0,0,0,0,0,1,0,0,0,0,0,0,19.162014,17.776224,17.783918,.5630818,6.7678599,1.4817414,1,1,1,1
46964541,2016,1,92,.37033761,.39321804,.34392071,.28987536,.33207849,.37516651,.37928233,.36577475,.40917477,0,0,0,0,0,0,0,0,0,0,0,1,0,0,0,0,0,19.060627,18.015154,17.685404,.57456124,6.8214736,1.4104668,1,1,1,1
46964541,2017,1,92,.39321804,.34392071,.28987536,.33207849,.37516651,.37928233,.36577475,.40917477,.40233815,0,0,0,0,0,0,0,0,0,0,0,0,1,0,0,0,0,19.065807,18.047508,17.873177,.56919867,6.7528906,1.3362609,1,1,1,1
46964541,2018,1,92,.34392071,.28987536,.33207849,.37516651,.37928233,.36577475,.40917477,.40233815,.39231649,0,0,0,0,0,0,0,0,0,0,0,0,0,1,0,0,0,19.389524,18.188099,17.551649,.58501822,6.8898549,1.3938622,1,1,1,1
46964541,2019,1,92,.28987536,.33207849,.37516651,.37928233,.36577475,.40917477,.40233815,.39231649,.34510529,0,0,0,0,0,0,0,0,0,0,0,0,0,0,1,0,0,19.436708,18.444077,17.581882,.59264684,7.0197482,1.4552337,1,1,1,1
46964541,2020,1,92,.33207849,.37516651,.37928233,.36577475,.40917477,.40233815,.39231649,.34510529,.35133734,0,0,0,0,0,0,0,0,0,0,0,0,0,0,0,1,0,19.62851,18.195663,17.622585,.5828346,6.9306989,1.4612355,1,1,1,1
46964541,2021,1,92,.37516651,.37928233,.36577475,.40917477,.40233815,.39231649,.34510529,.31153819,.34845716,0,0,0,0,0,0,0,0,0,0,0,0,0,0,0,0,1,19.659613,18.393793,17.587858,.59073848,6.9919815,1.4416305,1,1,1,1
47666374,2010,1,60,,,.27677825,.43059254,.36030814,.38489482,.36012727,.22726388,.19811141,0,0,0,0,0,1,0,0,0,0,0,0,0,0,0,0,0,18.261932,17.596409,16.402649,.6044997,6.7561064,1.3188739,1,1,1,0
47666374,2011,0,60,,.27677825,.43059254,.36030814,.38489482,.36012727,.22726388,.19811141,.27548,0,0,0,0,0,0,1,0,0,0,0,0,0,0,0,0,0,18.516628,18.025507,16.21138,.62560922,7.0677085,1.5381687,1,1,1,1
47666374,2012,0,60,.27677825,.43059254,.36030814,.38489482,.36012727,.22726388,.19811141,.27548,.31487373,0,0,0,0,0,0,0,1,0,0,0,0,0,0,0,0,0,18.604918,17.909561,16.555595,.60984391,6.9307947,1.4337711,0,1,1,1
47666374,2013,1,60,.43059254,.36030814,.38489482,.36012727,.22726388,.19811141,.27548,.31487373,.36450565,0,0,0,0,0,0,0,0,1,0,0,0,0,0,0,0,0,18.753571,18.069979,16.406349,.62040949,7.0212388,1.4694598,0,0,1,1
47666374,2014,1,60,.36030814,.38489482,.36012727,.22726388,.19811141,.27548,.31487373,.36450565,.40139225,0,0,0,0,0,0,0,0,0,1,0,0,0,0,0,0,0,18.807571,18.074831,16.555164,.61545545,6.9855351,1.4335119,1,0,0,1
47666374,2015,1,60,.38489482,.36012727,.22726388,.19811141,.27548,.31487373,.36450565,.40139225,.34870654,0,0,0,0,0,0,0,0,0,0,1,0,0,0,0,0,0,18.764952,17.955132,16.693846,.60663217,6.7999682,1.255161,1,1,0,0
47666374,2016,1,60,.36012727,.22726388,.19811141,.27548,.31487373,.36450565,.40139225,.34870654,.40204704,0,0,0,0,0,0,0,0,0,0,0,1,0,0,0,0,0,18.830788,18.09263,16.407867,.62112433,6.8416886,1.2190982,1,1,1,0
47666374,2017,1,60,.22726388,.19811141,.27548,.31487373,.36450565,.40139225,.34870654,.40204704,.3845284,0,0,0,0,0,0,0,0,0,0,0,0,1,0,0,0,0,18.888443,18.026459,16.520214,.61501944,6.887989,1.3171628,1,1,1,1
47666374,2018,1,60,.19811141,.27548,.31487373,.36450565,.40139225,.34870654,.40204704,.3845284,.37474307,0,0,0,0,0,0,0,0,0,0,0,0,0,1,0,0,0,18.582123,17.88188,16.428587,.61327481,6.8875952,1.3700863,1,1,1,1
47666374,2019,1,60,.27548,.31487373,.36450565,.40139225,.34870654,.40204704,.3845284,.37474307,.33838522,0,0,0,0,0,0,0,0,0,0,0,0,0,0,1,0,0,18.715103,18.119627,16.31711,.62516004,7.02387,1.4398021,1,1,1,1
47666374,2020,1,60,.31487373,.36450565,.40139225,.34870654,.40204704,.3845284,.37474307,.33838522,.33827034,0,0,0,0,0,0,0,0,0,0,0,0,0,0,0,1,0,19.238674,18.512455,16.653788,.62688321,7.1605844,1.4939032,1,1,1,1
47666374,2021,1,60,.36450565,.40139225,.34870654,.40204704,.3845284,.37474307,.33838522,.30013064,.33531055,0,0,0,0,0,0,0,0,0,0,0,0,0,0,0,0,1,18.819759,18.073002,16.861904,.60484356,6.9446959,1.4172332,1,1,1,1
48041122,2010,0,51,,,.27324113,.27673876,.24682131,.31339315,.2757836,.28416473,.2276929,0,0,0,0,0,1,0,0,0,0,0,0,0,0,0,0,0,18.51602,17.855547,16.583904,.60704112,6.8229251,1.3142171,0,0,0,0
48041122,2011,0,51,,.27324113,.27673876,.24682131,.31339315,.2757836,.28416473,.2276929,.19086342,0,0,0,0,0,0,1,0,0,0,0,0,0,0,0,0,0,18.724934,17.625315,17.071308,.58248079,6.6929078,1.3188218,0,0,0,0
48041122,2012,0,51,.27324113,.27673876,.24682131,.31339315,.2757836,.28416473,.2276929,.19086342,.22314632,0,0,0,0,0,0,0,1,0,0,0,0,0,0,0,0,0,18.538206,17.485592,17.635513,.55834401,6.533659,1.2799504,0,0,0,0
48041122,2013,0,51,.27673876,.24682131,.31339315,.2757836,.28416473,.2276929,.19086342,.22314632,.30215609,0,0,0,0,0,0,0,0,1,0,0,0,0,0,0,0,0,18.295126,17.362242,18.119053,.53753603,6.4729066,1.3680593,0,0,0,0
48041122,2014,0,51,.24682131,.31339315,.2757836,.28416473,.2276929,.19086342,.22314632,.30215609,.29029617,0,0,0,0,0,0,0,0,0,1,0,0,0,0,0,0,0,18.55727,17.479937,18.108097,.54189849,6.4839902,1.3175627,0,0,0,0
48041122,2015,0,51,.31339315,.2757836,.28416473,.2276929,.19086342,.22314632,.30215609,.29029617,.40856394,0,0,0,0,0,0,0,0,0,0,1,0,0,0,0,0,0,18.611391,17.506603,18.00914,.54620504,6.5196228,1.3286518,0,0,0,0
48041122,2016,0,51,.2757836,.28416473,.2276929,.19086342,.22314632,.30215609,.29029617,.40856394,.43682528,0,0,0,0,0,0,0,0,0,0,0,1,0,0,0,0,0,18.648315,17.580627,17.941296,.55104524,6.5031381,1.2556996,0,0,0,0
48041122,2017,1,51,.28416473,.2276929,.19086342,.22314632,.30215609,.29029617,.40856394,.43682528,.38748276,0,0,0,0,0,0,0,0,0,0,0,0,1,0,0,0,0,18.441916,17.496918,18.097496,.54283816,6.4075971,1.2102941,0,0,0,0
48041122,2018,1,51,.2276929,.19086342,.22314632,.30215609,.29029617,.40856394,.43682528,.38748276,.38812193,0,0,0,0,0,0,0,0,0,0,0,0,0,1,0,0,0,18.479862,17.620947,18.083822,.5475086,6.4908934,1.2500035,1,0,0,0
48041122,2019,1,51,.19086342,.22314632,.30215609,.29029617,.40856394,.43682528,.38748276,.38812193,.3098636,0,0,0,0,0,0,0,0,0,0,0,0,0,0,1,0,0,18.346281,17.398758,18.276821,.53334635,6.4481497,1.3527724,1,1,0,0
48041122,2020,1,51,.22314632,.30215609,.29029617,.40856394,.43682528,.38748276,.38812193,.3098636,.34659404,0,0,0,0,0,0,0,0,0,0,0,0,0,0,0,1,0,18.443012,17.555994,18.217691,.54070473,6.5096793,1.3368233,1,1,1,0
48041122,2021,1,51,.30215609,.29029617,.40856394,.43682528,.38748276,.38812193,.3098636,.31935352,.34785229,0,0,0,0,0,0,0,0,0,0,0,0,0,0,0,0,1,18.46364,17.52393,18.198549,.5402773,6.618556,1.5046555,1,1,1,1
49975561,2010,0,86,,,.21957521,.16402519,.18457608,.15251474,.13579923,.091512471,.10300303,0,1,0,0,0,1,0,0,0,0,0,0,0,0,0,0,0,20.080051,19.656998,15.272094,.71316397,7.3395882,1.2455475,0,0,0,0
49975561,2011,0,86,,.21957521,.16402519,.18457608,.15251474,.13579923,.091512471,.10300303,.23576055,0,1,0,0,0,0,1,0,0,0,0,0,0,0,0,0,0,20.407063,19.922009,15.08903,.72843462,7.3406525,1.178244,0,0,0,0
49975561,2012,0,86,.21957521,.16402519,.18457608,.15251474,.13579923,.091512471,.10300303,.23576055,.22244932,0,1,0,0,0,0,0,1,0,0,0,0,0,0,0,0,0,20.182621,19.764835,15.075892,.72356391,7.325036,1.2027085,0,0,0,0
49975561,2013,1,86,.16402519,.18457608,.15251474,.13579923,.091512471,.10300303,.23576055,.22244932,.2860533,0,1,0,0,0,0,0,0,1,0,0,0,0,0,0,0,0,19.345098,18.757919,14.885343,.69601935,7.0452399,1.1647596,0,0,0,0
49975561,2014,1,86,.18457608,.15251474,.13579923,.091512471,.10300303,.23576055,.22244932,.2860533,-.0088670617,0,1,0,0,0,0,0,0,0,1,0,0,0,0,0,0,0,19.471573,18.89835,15.320576,.6858055,7.0648227,1.1454519,1,0,0,0
49975561,2015,1,86,.15251474,.13579923,.091512471,.10300303,.23576055,.22244932,.2860533,-.0088670617,.30250931,0,1,0,0,0,0,0,0,0,0,1,0,0,0,0,0,0,19.772974,19.246174,16.342432,.66243869,7.0914011,1.0958304,1,1,0,0
49975561,2016,0,86,.13579923,.091512471,.10300303,.23576055,.22244932,.2860533,-.0088670617,.30250931,.29522145,0,1,0,0,0,0,0,0,0,0,0,1,0,0,0,0,0,19.700916,19.254419,15.889054,.67831135,7.1193271,1.1084948,1,1,1,0
49975561,2017,1,86,.091512471,.10300303,.23576055,.22244932,.2860533,-.0088670617,.30250931,.29522145,.31614238,0,1,0,0,0,0,0,0,0,0,0,0,1,0,0,0,0,19.578728,18.926456,16.360298,.65099722,7.1415491,1.2658712,0,1,1,1
49975561,2018,1,86,.10300303,.23576055,.22244932,.2860533,-.0088670617,.30250931,.29522145,.31614238,.27678856,0,1,0,0,0,0,0,0,0,0,0,0,0,1,0,0,0,19.547476,19.15497,16.608994,.65018207,7.1827993,1.2491325,1,0,1,1
49975561,2019,1,86,.23576055,.22244932,.2860533,-.0088670617,.30250931,.29522145,.31614238,.27678856,.025584923,0,1,0,0,0,0,0,0,0,0,0,0,0,0,1,0,0,20.184158,19.490612,16.691671,.6587047,7.3407116,1.3311634,1,1,0,1
49975561,2020,1,86,.22244932,.2860533,-.0088670617,.30250931,.29522145,.31614238,.27678856,.025584923,.21523559,0,1,0,0,0,0,0,0,0,0,0,0,0,0,0,1,0,19.796755,19.348391,17.381866,.63014996,6.9573083,.99117213,1,1,1,0
49975561,2021,0,86,.2860533,-.0088670617,.30250931,.29522145,.31614238,.27678856,.025584923,.27555442,.22072349,0,1,0,0,0,0,0,0,0,0,0,0,0,0,0,0,1,19.893467,19.259661,17.31159,.62956232,7.2464314,1.3532503,1,1,1,1
49977121,2010,0,45,,,.28893489,.28614679,.22061761,.24714574,.21076427,.25977936,.24939376,0,0,0,0,0,1,0,0,0,0,0,0,0,0,0,0,0,17.824835,17.002333,15.666842,.60968912,6.6336164,1.3350048,0,0,0,0
49977121,2011,0,45,,.28893489,.28614679,.22061761,.24714574,.21076427,.25977936,.24939376,.26550585,0,0,0,0,0,0,1,0,0,0,0,0,0,0,0,0,0,17.949188,17.20842,16.254637,.59645152,6.6469364,1.3312879,0,0,0,0
49977121,2012,0,45,.28893489,.28614679,.22061761,.24714574,.21076427,.25977936,.24939376,.26550585,.18558201,0,0,0,0,0,0,0,1,0,0,0,0,0,0,0,0,0,18.052305,17.531277,16.962612,.58303475,6.616334,1.2468466,0,0,0,0
49977121,2013,1,45,.28614679,.22061761,.24714574,.21076427,.25977936,.24939376,.26550585,.18558201,.2187175,0,0,0,0,0,0,0,0,1,0,0,0,0,0,0,0,0,17.867802,17.253229,16.958616,.57375634,6.5424185,1.2803657,0,0,0,0
49977121,2014,0,45,.22061761,.24714574,.21076427,.25977936,.24939376,.26550585,.18558201,.2187175,.35788906,0,0,0,0,0,0,0,0,0,1,0,0,0,0,0,0,0,18.147266,17.550303,17.046209,.58080381,6.6030326,1.2346213,1,0,0,0
49977121,2015,0,45,.24714574,.21076427,.25977936,.24939376,.26550585,.18558201,.2187175,.35788906,.33695227,0,0,0,0,0,0,0,0,0,0,1,0,0,0,0,0,0,17.748375,17.099165,17.08313,.56425661,6.480998,1.296644,0,1,0,0
49977121,2016,1,45,.21076427,.25977936,.24939376,.26550585,.18558201,.2187175,.35788906,.33695227,.3613326,0,0,0,0,0,0,0,0,0,0,0,1,0,0,0,0,0,17.521414,16.668198,16.935129,.55475259,6.3281112,1.2832472,0,0,1,0
49977121,2017,1,45,.25977936,.24939376,.26550585,.18558201,.2187175,.35788906,.33695227,.3613326,.2416839,0,0,0,0,0,0,0,0,0,0,0,0,1,0,0,0,0,18.314156,17.5063,17.081635,.57809532,6.6373739,1.3040905,1,0,0,1
49977121,2018,1,45,.24939376,.26550585,.18558201,.2187175,.35788906,.33695227,.3613326,.2416839,.35367936,0,0,0,0,0,0,0,0,0,0,0,0,0,1,0,0,0,17.919836,17.373886,17.081013,.5736326,6.5091562,1.2039189,1,1,0,0
49977121,2019,0,45,.26550585,.18558201,.2187175,.35788906,.33695227,.3613326,.2416839,.35367936,.18335728,0,0,0,0,0,0,0,0,0,0,0,0,0,0,1,0,0,18.450686,17.294868,16.938845,.57584643,6.5317926,1.2444797,1,1,1,0
49977121,2020,1,45,.18558201,.2187175,.35788906,.33695227,.3613326,.2416839,.35367936,.18335728,.28702077,0,0,0,0,0,0,0,0,0,0,0,0,0,0,0,1,0,19.1577,17.43519,17.036209,.57724959,6.709692,1.4303069,0,1,1,1
49977121,2021,0,45,.2187175,.35788906,.33695227,.3613326,.2416839,.35367936,.18335728,.25474894,.2603263,0,0,0,0,0,0,0,0,0,0,0,0,0,0,0,0,1,18.45322,17.48402,17.047878,.57850182,6.7050219,1.4006722,1,0,1,1
60277301,2010,0,13,,,.17711571,.20638286,.11308236,.098985597,.10123132,.089160614,.083205327,0,1,0,0,0,1,0,0,0,0,0,0,0,0,0,0,0,16.581974,16.248463,12.378376,.69726306,6.3770428,1.1937692,0,0,0,0
60277301,2011,0,13,,.17711571,.20638286,.11308236,.098985597,.10123132,.089160614,.083205327,.10359862,0,1,0,0,0,0,1,0,0,0,0,0,0,0,0,0,0,16.450203,16.231178,11.092264,.74091214,6.3201718,1.2292237,0,0,0,0
60277301,2012,0,13,.17711571,.20638286,.11308236,.098985597,.10123132,.089160614,.083205327,.10359862,.055742476,0,1,0,0,0,0,0,1,0,0,0,0,0,0,0,0,0,16.483591,16.285553,13.15487,.67181242,6.3381038,1.1197242,0,0,0,0
60277301,2013,0,13,.20638286,.11308236,.098985597,.10123132,.089160614,.083205327,.10359862,.055742476,.12747233,0,1,0,0,0,0,0,0,1,0,0,0,0,0,0,0,0,16.476948,16.350655,13.117885,.67528909,6.3417969,1.1040504,0,0,0,0
60277301,2014,0,13,.11308236,.098985597,.10123132,.089160614,.083205327,.10359862,.055742476,.12747233,.13648441,0,1,0,0,0,0,0,0,0,1,0,0,0,0,0,0,0,16.629042,16.45228,12.586256,.69701535,6.3601947,1.1065326,0,0,0,0
60277301,2015,0,13,.098985597,.10123132,.089160614,.083205327,.10359862,.055742476,.12747233,.13648441,.24411419,0,1,0,0,0,0,0,0,0,0,1,0,0,0,0,0,0,16.849213,16.69545,13.290511,.68102801,6.4272265,1.0932562,0,0,0,0
60277301,2016,0,13,.10123132,.089160614,.083205327,.10359862,.055742476,.12747233,.13648441,.24411419,.18691905,0,1,0,0,0,0,0,0,0,0,0,1,0,0,0,0,0,16.417624,16.23337,12.841107,.6808368,6.2910352,1.0867649,0,0,0,0
60277301,2017,0,13,.089160614,.083205327,.10359862,.055742476,.12747233,.13648441,.24411419,.18691905,.15553126,0,1,0,0,0,0,0,0,0,0,0,0,1,0,0,0,0,16.287495,16.121599,13.027363,.67064577,6.2825475,1.1091552,0,0,0,0
60277301,2018,0,13,.083205327,.10359862,.055742476,.12747233,.13648441,.24411419,.18691905,.15553126,.13378289,0,1,0,0,0,0,0,0,0,0,0,0,0,1,0,0,0,16.531265,16.369572,13.493588,.6630078,6.3035173,1.0573254,0,0,0,0
60277301,2019,0,13,.10359862,.055742476,.12747233,.13648441,.24411419,.18691905,.15553126,.13378289,.13107406,0,1,0,0,0,0,0,0,0,0,0,0,0,0,1,0,0,16.164597,16.049299,13.120361,.66499883,6.2861133,1.1359534,0,0,0,0
60277301,2020,0,13,.055742476,.12747233,.13648441,.24411419,.18691905,.15553126,.13378289,.13107406,.14245155,0,1,0,0,0,0,0,0,0,0,0,0,0,0,0,1,0,16.389017,16.280807,12.551965,.692388,6.3503795,1.146237,0,0,0,0
60277301,2021,0,13,.12747233,.13648441,.24411419,.18691905,.15553126,.13378289,.13107406,.21045162,.14288835,0,1,0,0,0,0,0,0,0,0,0,0,0,0,0,0,1,16.24782,16.081579,11.728337,.71396905,6.3720498,1.2764901,0,0,0,0
61974293,2010,0,19,,,.27473059,.27430466,.21556899,.2361223,.21950544,.25431454,.19580828,0,0,0,0,0,1,0,0,0,0,0,0,0,0,0,0,0,18.123995,17.557053,16.532263,.59870905,6.7277517,1.3161761,0,0,0,0
61974293,2011,0,19,,.27473059,.27430466,.21556899,.2361223,.21950544,.25431454,.19580828,.13006178,0,0,0,0,0,0,1,0,0,0,0,0,0,0,0,0,0,18.487448,17.8556,16.718817,.60240275,6.8107471,1.3156155,0,0,0,0
61974293,2012,0,19,.27473059,.27430466,.21556899,.2361223,.21950544,.25431454,.19580828,.13006178,.18275562,0,0,0,0,0,0,0,1,0,0,0,0,0,0,0,0,0,18.504923,17.873915,16.713394,.6032095,6.7588038,1.2405676,0,0,0,0
61974293,2013,0,19,.27430466,.21556899,.2361223,.21950544,.25431454,.19580828,.13006178,.18275562,.23441488,0,0,0,0,0,0,0,0,1,0,0,0,0,0,0,0,0,18.123098,17.392252,16.653109,.58897185,6.6185994,1.2663292,0,0,0,0
61974293,2014,0,19,.21556899,.2361223,.21950544,.25431454,.19580828,.13006178,.18275562,.23441488,.2270553,0,0,0,0,0,0,0,0,0,1,0,0,0,0,0,0,0,17.853014,17.213964,16.658627,.58274448,6.5378132,1.2454606,0,0,0,0
61974293,2015,0,19,.2361223,.21950544,.25431454,.19580828,.13006178,.18275562,.23441488,.2270553,.22718126,0,0,0,0,0,0,0,0,0,0,1,0,0,0,0,0,0,18.113844,17.369652,17.406275,.56230217,6.5312462,1.2895774,0,0,0,0
61974293,2016,0,19,.21950544,.25431454,.19580828,.13006178,.18275562,.23441488,.2270553,.22718126,.25054279,0,0,0,0,0,0,0,0,0,0,0,1,0,0,0,0,0,18.485352,17.560162,17.361782,.57028395,6.5502739,1.2162937,0,0,0,0
61974293,2017,0,19,.25431454,.19580828,.13006178,.18275562,.23441488,.2270553,.22718126,.25054279,.24553782,0,0,0,0,0,0,0,0,0,0,0,0,1,0,0,0,0,18.587543,17.697838,17.431585,.57254541,6.5258021,1.1388987,0,0,0,0
61974293,2018,0,19,.19580828,.13006178,.18275562,.23441488,.2270553,.22718126,.25054279,.24553782,.28249621,0,0,0,0,0,0,0,0,0,0,0,0,0,1,0,0,0,18.363197,17.564274,17.350685,.57080483,6.5402694,1.200521,0,0,0,0
61974293,2019,0,19,.13006178,.18275562,.23441488,.2270553,.22718126,.25054279,.24553782,.28249621,.19986765,0,0,0,0,0,0,0,0,0,0,0,0,0,0,1,0,0,17.946156,17.307495,17.376017,.56123799,6.4922662,1.2641689,0,0,0,0
61974293,2020,0,19,.18275562,.23441488,.2270553,.22718126,.25054279,.24553782,.28249621,.19986765,.23933434,0,0,0,0,0,0,0,0,0,0,0,0,0,0,0,1,0,18.755331,17.580467,17.32921,.57209182,6.5934787,1.2548993,0,0,0,0
61974293,2021,0,19,.23441488,.2270553,.22718126,.25054279,.24553782,.28249621,.19986765,.20148988,.23881495,0,0,0,0,0,0,0,0,0,0,0,0,0,0,0,0,1,17.950001,17.260904,17.301563,.56222099,6.4782386,1.2550573,0,0,0,0
62242911,2010,0,56,,,.12197433,.088550128,.075900435,.056709483,.057265081,.071717046,.060189538,0,1,0,0,0,1,0,0,0,0,0,0,0,0,0,0,0,19.542179,18.935272,16.310032,.65302461,7.0329289,1.1297251,0,0,0,0
62242911,2011,0,56,,.12197433,.088550128,.075900435,.056709483,.057265081,.071717046,.060189538,.097990006,0,1,0,0,0,0,1,0,0,0,0,0,0,0,0,0,0,19.322453,18.837399,16.115013,.65641767,6.9799261,1.092589,0,0,0,0
62242911,2012,0,56,.12197433,.088550128,.075900435,.056709483,.057265081,.071717046,.060189538,.097990006,.078534178,0,1,0,0,0,0,0,1,0,0,0,0,0,0,0,0,0,19.642784,18.791344,16.416309,.64449531,6.938055,1.0788552,0,0,0,0
62242911,2013,0,56,.088550128,.075900435,.056709483,.057265081,.071717046,.060189538,.097990006,.078534178,.30585599,0,1,0,0,0,0,0,0,1,0,0,0,0,0,0,0,0,18.632202,18.191793,16.098473,.63512373,6.7541461,1.0583483,0,0,0,0
62242911,2014,0,56,.075900435,.056709483,.057265081,.071717046,.060189538,.097990006,.078534178,.30585599,.10647027,0,1,0,0,0,0,0,0,0,1,0,0,0,0,0,0,0,18.160421,18.062872,15.735667,.64323616,6.7361078,1.0589365,0,0,0,0
62242911,2015,1,56,.056709483,.057265081,.071717046,.060189538,.097990006,.078534178,.30585599,.10647027,.24855241,0,1,0,0,0,0,0,0,0,0,1,0,0,0,0,0,0,18.0527,17.89386,15.5357,.6443904,6.7093806,1.0743513,0,0,0,0
62242911,2016,0,56,.057265081,.071717046,.060189538,.097990006,.078534178,.30585599,.10647027,.24855241,.075774245,0,1,0,0,0,0,0,0,0,0,0,1,0,0,0,0,0,18.369318,17.977417,15.216593,.65819532,6.7356591,1.0620378,1,0,0,0
62242911,2017,1,56,.071717046,.060189538,.097990006,.078534178,.30585599,.10647027,.24855241,.075774245,.27088875,0,1,0,0,0,0,0,0,0,0,0,0,1,0,0,0,0,18.174311,17.883024,14.597871,.67627901,6.7595882,1.1029518,0,1,0,0
62242911,2018,0,56,.060189538,.097990006,.078534178,.30585599,.10647027,.24855241,.075774245,.27088875,.056791481,0,1,0,0,0,0,0,0,0,0,0,0,0,1,0,0,0,18.314093,17.902676,14.400632,.68372834,6.7462397,1.0817003,1,0,1,0
62242911,2019,1,56,.097990006,.078534178,.30585599,.10647027,.24855241,.075774245,.27088875,.056791481,.039436836,0,1,0,0,0,0,0,0,0,0,0,0,0,0,1,0,0,18.752348,18.171816,13.97166,.70759654,7.0362644,1.3577868,0,1,0,1
62242911,2020,0,56,.078534178,.30585599,.10647027,.24855241,.075774245,.27088875,.056791481,.039436836,.11415389,0,1,0,0,0,0,0,0,0,0,0,0,0,0,0,1,0,18.845646,18.303663,15.593782,.65627033,6.8635468,1.1123449,1,0,1,0
62242911,2021,0,56,.30585599,.10647027,.24855241,.075774245,.27088875,.056791481,.039436836,.19242498,.10933511,0,1,0,0,0,0,0,0,0,0,0,0,0,0,0,0,1,18.845879,18.393686,17.02899,.60995656,6.9360051,1.282168,0,1,0,1
63146452,2010,0,136,,,.22468883,.20940946,.090164594,.14086996,.14190136,.090590753,.090067968,0,0,0,0,0,1,0,0,0,0,0,0,0,0,0,0,0,19.43685,18.690861,18.182419,.58034921,6.8797259,1.2519331,0,0,0,0
63146452,2011,0,136,,.22468883,.20940946,.090164594,.14086996,.14190136,.090590753,.090067968,.09123949,0,0,0,0,0,0,1,0,0,0,0,0,0,0,0,0,0,19.920832,18.973982,18.540543,.57761955,6.9165826,1.2329497,0,0,0,0
63146452,2012,0,136,.22468883,.20940946,.090164594,.14086996,.14190136,.090590753,.090067968,.09123949,.088660322,0,0,0,0,0,0,0,1,0,0,0,0,0,0,0,0,0,20.075275,19.555611,19.058111,.57951474,6.9326906,1.0943544,0,0,0,0
63146452,2013,0,136,.20940946,.090164594,.14086996,.14190136,.090590753,.090067968,.09123949,.088660322,.068659775,0,0,0,0,0,0,0,0,1,0,0,0,0,0,0,0,0,20.041651,19.66593,19.609039,.56430203,6.9368548,1.1512749,0,0,0,0
63146452,2014,0,136,.090164594,.14086996,.14190136,.090590753,.090067968,.09123949,.088660322,.068659775,.20649311,0,0,0,0,0,0,0,0,0,1,0,0,0,0,0,0,0,19.600407,19.416946,19.403437,.56294191,6.8786974,1.152463,0,0,0,0
63146452,2015,0,136,.14086996,.14190136,.090590753,.090067968,.09123949,.088660322,.068659775,.20649311,.255142,0,0,0,0,0,0,0,0,0,0,1,0,0,0,0,0,0,19.912287,19.658577,19.178717,.57885349,6.9524193,1.0948209,0,0,0,0
63146452,2016,0,136,.14190136,.090590753,.090067968,.09123949,.088660322,.068659775,.20649311,.255142,.2690717,0,0,0,0,0,0,0,0,0,0,0,1,0,0,0,0,0,19.907705,19.286818,18.852829,.57747275,6.8654366,1.0942487,0,0,0,0
63146452,2017,0,136,.090590753,.090067968,.09123949,.088660322,.068659775,.20649311,.255142,.2690717,.2037708,0,0,0,0,0,0,0,0,0,0,0,0,1,0,0,0,0,19.43692,19.078712,19.134701,.56073076,6.745039,1.0955313,0,0,0,0
63146452,2018,0,136,.090067968,.09123949,.088660322,.068659775,.20649311,.255142,.2690717,.2037708,.26613402,0,0,0,0,0,0,0,0,0,0,0,0,0,1,0,0,0,19.634907,19.378471,19.187574,.56906331,6.8463087,1.0927094,0,0,0,0
63146452,2019,0,136,.09123949,.088660322,.068659775,.20649311,.255142,.2690717,.2037708,.26613402,.25796905,0,0,0,0,0,0,0,0,0,0,0,0,0,0,1,0,0,19.882359,19.73872,19.378218,.5747059,6.9291205,1.0710717,0,0,0,0
63146452,2020,0,136,.088660322,.068659775,.20649311,.255142,.2690717,.2037708,.26613402,.25796905,.24757475,0,0,0,0,0,0,0,0,0,0,0,0,0,0,0,1,0,19.170584,18.912928,19.077904,.55707008,6.8067303,1.2293593,0,0,0,0
63146452,2021,0,136,.068659775,.20649311,.255142,.2690717,.2037708,.26613402,.25796905,.2127123,.23500694,0,0,0,0,0,0,0,0,0,0,0,0,0,0,0,0,1,19.18667,19.022844,19.600355,.5428232,6.8049212,1.2906449,0,0,0,0
64826571,2010,0,40,,,.23307598,.23208979,.16511971,.19412756,.15668699,.18976201,.29037678,0,0,0,0,0,1,0,0,0,0,0,0,0,0,0,0,0,19.280518,18.843458,17.425299,.61155707,7.0313654,1.2624774,0,0,0,0
64826571,2011,0,40,,.23307598,.23208979,.16511971,.19412756,.15668699,.18976201,.29037678,.20209008,0,0,0,0,0,0,1,0,0,0,0,0,0,0,0,0,0,19.662653,19.168566,17.41292,.62299234,7.1381497,1.261233,0,0,0,0
64826571,2012,0,40,.23307598,.23208979,.16511971,.19412756,.15668699,.18976201,.29037678,.20209008,.2449186,0,0,0,0,0,0,0,1,0,0,0,0,0,0,0,0,0,20.047504,19.538694,17.430326,.63492775,7.1871128,1.1795343,0,0,0,0
64826571,2013,0,40,.23208979,.16511971,.19412756,.15668699,.18976201,.29037678,.20209008,.2449186,.40430501,0,0,0,0,0,0,0,0,1,0,0,0,0,0,0,0,0,19.616447,18.830414,17.392374,.61224777,6.9913735,1.2142512,0,0,0,0
64826571,2014,0,40,.16511971,.19412756,.15668699,.18976201,.29037678,.20209008,.2449186,.40430501,.29917055,0,0,0,0,0,0,0,0,0,1,0,0,0,0,0,0,0,19.891401,19.644361,17.402214,.63947296,7.2135572,1.1696295,0,0,0,0
64826571,2015,1,40,.19412756,.15668699,.18976201,.29037678,.20209008,.2449186,.40430501,.29917055,.2677342,0,0,0,0,0,0,0,0,0,0,1,0,0,0,0,0,0,19.48818,19.016743,17.382406,.61890042,7.0493484,1.2089618,0,0,0,0
64826571,2016,0,40,.15668699,.18976201,.29037678,.20209008,.2449186,.40430501,.29917055,.2677342,.30934677,0,0,0,0,0,0,0,0,0,0,0,1,0,0,0,0,0,19.827797,19.301727,15.986429,.67656428,7.3174009,1.3369311,1,0,0,0
64826571,2017,0,40,.18976201,.29037678,.20209008,.2449186,.40430501,.29917055,.2677342,.30934677,.28362957,0,0,0,0,0,0,0,0,0,0,0,0,1,0,0,0,0,19.519684,18.915174,16.070585,.66057956,7.1178966,1.2239583,0,1,0,0
64826571,2018,0,40,.29037678,.20209008,.2449186,.40430501,.29917055,.2677342,.30934677,.28362957,.287752,0,0,0,0,0,0,0,0,0,0,0,0,0,1,0,0,0,19.674252,18.769991,16.020042,.65740138,7.1207514,1.2775173,0,0,1,0
64826571,2019,0,40,.20209008,.2449186,.40430501,.29917055,.2677342,.30934677,.28362957,.287752,.27332002,0,0,0,0,0,0,0,0,0,0,0,0,0,0,1,0,0,19.075363,18.498753,15.890316,.65267795,7.2062702,1.4982609,0,0,0,1
64826571,2020,0,40,.2449186,.40430501,.29917055,.2677342,.30934677,.28362957,.287752,.27332002,.25238737,0,0,0,0,0,0,0,0,0,0,0,0,0,0,0,1,0,19.41827,18.664263,15.822801,.66060489,7.1522083,1.3487396,0,0,0,0
64826571,2021,0,40,.40430501,.29917055,.2677342,.30934677,.28362957,.287752,.27332002,.21994294,.28893784,0,0,0,0,0,0,0,0,0,0,0,0,0,0,0,0,1,19.612289,18.845034,16.105412,.65700644,7.1617594,1.3069997,0,0,0,0
